{
    "mse": 0.06868648372727572,
    "r2": 0.882251742181813
}