{"mse": 0.3900380059146077, "r2": 0.4031606598177524}